"","Tm","Year","Rank_rb","good_rb_def","Rank_wr","good_wr_def","Rank_te","good_te_def","Rank_qb","good_qb_def","tot_rank","good_def"
"1","New York Jets",2009,28,"Yes",32,"Yes",31,"Yes",32,"Yes",123,"Yes"
"2","Seattle Seahawks",2012,27,"Yes",31,"Yes",31,"Yes",32,"Yes",121,"Yes"
"3","Seattle Seahawks",2013,30,"Yes",32,"Yes",26,"Yes",32,"Yes",120,"Yes"
"4","Baltimore Ravens",2011,30,"Yes",26,"Yes",31,"Yes",32,"Yes",119,"Yes"
"5","Minnesota Vikings",2017,32,"Yes",24,"Yes",32,"Yes",30,"Yes",118,"Yes"
"6","Pittsburgh Steelers",2010,32,"Yes",25,"Yes",27,"Yes",32,"Yes",116,"Yes"
"7","Pittsburgh Steelers",2012,32,"Yes",28,"Yes",24,"Yes",31,"Yes",115,"Yes"
"8","Jacksonville Jaguars",2017,21,"Yes",32,"Yes",29,"Yes",32,"Yes",114,"Yes"
"9","Baltimore Ravens",2009,31,"Yes",25,"Yes",29,"Yes",27,"Yes",112,"Yes"
"10","Houston Texans",2011,31,"Yes",23,"Yes",29,"Yes",29,"Yes",112,"Yes"
"11","Buffalo Bills",2014,28,"Yes",21,"Yes",32,"Yes",31,"Yes",112,"Yes"
"12","Pittsburgh Steelers",2011,29,"Yes",32,"Yes",19,"Yes",31,"Yes",111,"Yes"
"13","Seattle Seahawks",2014,27,"Yes",32,"Yes",18,"Yes",32,"Yes",109,"Yes"
"14","Cincinnati Bengals",2013,29,"Yes",23,"Yes",28,"Yes",27,"Yes",107,"Yes"
"15","Houston Texans",2016,19,"Yes",28,"Yes",30,"Yes",30,"Yes",107,"Yes"
"16","Seattle Seahawks",2016,28,"Yes",19,"Yes",29,"Yes",29,"Yes",105,"Yes"
"17","Minnesota Vikings",2018,24,"Yes",30,"Yes",20,"Yes",30,"Yes",104,"Yes"
"18","Seattle Seahawks",2015,32,"Yes",30,"Yes",10,"No",31,"Yes",103,"Yes"
"19","New England Patriots",2016,29,"Yes",24,"Yes",25,"Yes",24,"Yes",102,"Yes"
"20","Denver Broncos",2015,26,"Yes",31,"Yes",13,"No",32,"Yes",102,"Yes"
"21","Houston Texans",2015,24,"Yes",27,"Yes",25,"Yes",26,"Yes",102,"Yes"
"22","San Diego Chargers",2010,23,"Yes",31,"Yes",17,"No",31,"Yes",102,"Yes"
"23","Baltimore Ravens",2018,31,"Yes",26,"Yes",15,"No",29,"Yes",101,"Yes"
"24","Minnesota Vikings",2016,26,"Yes",30,"Yes",18,"Yes",27,"Yes",101,"Yes"
"25","Kansas City Chiefs",2014,25,"Yes",23,"Yes",23,"Yes",30,"Yes",101,"Yes"
"26","New Orleans Saints",2013,23,"Yes",28,"Yes",21,"Yes",29,"Yes",101,"Yes"
"27","Denver Broncos",2009,15,"No",31,"Yes",26,"Yes",29,"Yes",101,"Yes"
"28","Buffalo Bills",2018,8,"No",29,"Yes",32,"Yes",32,"Yes",101,"Yes"
"29","San Francisco 49ers",2012,31,"Yes",25,"Yes",19,"Yes",24,"Yes",99,"Yes"
"30","Jacksonville Jaguars",2018,27,"Yes",31,"Yes",17,"No",24,"Yes",99,"Yes"
"31","Carolina Panthers",2013,26,"Yes",29,"Yes",13,"No",31,"Yes",99,"Yes"
"32","Cincinnati Bengals",2009,23,"Yes",27,"Yes",24,"Yes",25,"Yes",99,"Yes"
"33","Chicago Bears",2018,32,"Yes",10,"No",25,"Yes",31,"Yes",98,"Yes"
"34","San Francisco 49ers",2011,32,"Yes",14,"No",28,"Yes",24,"Yes",98,"Yes"
"35","New York Jets",2015,31,"Yes",14,"No",30,"Yes",22,"Yes",97,"Yes"
"36","Kansas City Chiefs",2015,29,"Yes",8,"No",32,"Yes",28,"Yes",97,"Yes"
"37","New York Giants",2016,27,"Yes",26,"Yes",13,"No",31,"Yes",97,"Yes"
"38","San Francisco 49ers",2013,25,"Yes",24,"Yes",20,"Yes",28,"Yes",97,"Yes"
"39","Green Bay Packers",2010,30,"Yes",30,"Yes",7,"No",29,"Yes",96,"Yes"
"40","Chicago Bears",2012,29,"Yes",22,"Yes",16,"No",29,"Yes",96,"Yes"
"41","New York Jets",2011,24,"Yes",30,"Yes",14,"No",28,"Yes",96,"Yes"
"42","Tennessee Titans",2018,29,"Yes",12,"No",28,"Yes",26,"Yes",95,"Yes"
"43","Denver Broncos",2016,16,"No",32,"Yes",15,"No",32,"Yes",95,"Yes"
"44","Detroit Lions",2014,29,"Yes",22,"Yes",15,"No",28,"Yes",94,"Yes"
"45","Arizona Cardinals",2012,15,"No",23,"Yes",26,"Yes",30,"Yes",94,"Yes"
"46","Baltimore Ravens",2010,29,"Yes",10,"No",30,"Yes",24,"Yes",93,"Yes"
"47","New York Jets",2012,13,"No",32,"Yes",20,"Yes",28,"Yes",93,"Yes"
"48","Los Angeles Chargers",2017,14,"No",25,"Yes",24,"Yes",29,"Yes",92,"Yes"
"49","Carolina Panthers",2009,10,"No",30,"Yes",22,"Yes",30,"Yes",92,"Yes"
"50","Chicago Bears",2017,20,"Yes",20,"Yes",23,"Yes",28,"Yes",91,"Yes"
"51","Seattle Seahawks",2017,25,"Yes",14,"No",25,"Yes",26,"Yes",90,"Yes"
"52","Baltimore Ravens",2012,17,"No",18,"Yes",29,"Yes",26,"Yes",90,"Yes"
"53","Arizona Cardinals",2016,32,"Yes",5,"No",32,"Yes",20,"Yes",89,"Yes"
"54","New York Jets",2010,31,"Yes",16,"No",25,"Yes",17,"No",89,"Yes"
"55","Cincinnati Bengals",2012,21,"Yes",29,"Yes",12,"No",27,"Yes",89,"Yes"
"56","Jacksonville Jaguars",2016,20,"Yes",27,"Yes",16,"No",26,"Yes",89,"Yes"
"57","Cincinnati Bengals",2011,19,"Yes",19,"Yes",26,"Yes",25,"Yes",89,"Yes"
"58","San Francisco 49ers",2009,18,"Yes",17,"No",28,"Yes",26,"Yes",89,"Yes"
"59","Cincinnati Bengals",2015,18,"Yes",21,"Yes",20,"Yes",30,"Yes",89,"Yes"
"60","Carolina Panthers",2015,17,"No",22,"Yes",21,"Yes",29,"Yes",89,"Yes"
"61","Pittsburgh Steelers",2017,8,"No",26,"Yes",30,"Yes",24,"Yes",88,"Yes"
"62","Baltimore Ravens",2013,27,"Yes",13,"No",27,"Yes",20,"Yes",87,"Yes"
"63","Chicago Bears",2010,26,"Yes",20,"Yes",14,"No",27,"Yes",87,"Yes"
"64","Cleveland Browns",2011,8,"No",31,"Yes",18,"Yes",30,"Yes",87,"Yes"
"65","San Francisco 49ers",2014,26,"Yes",24,"Yes",9,"No",27,"Yes",86,"Yes"
"66","Miami Dolphins",2010,25,"Yes",26,"Yes",13,"No",22,"Yes",86,"Yes"
"67","Arizona Cardinals",2015,23,"Yes",28,"Yes",11,"No",24,"Yes",86,"Yes"
"68","Dallas Cowboys",2015,6,"No",26,"Yes",31,"Yes",23,"Yes",86,"Yes"
"69","Denver Broncos",2012,28,"Yes",30,"Yes",2,"No",25,"Yes",85,"Yes"
"70","Dallas Cowboys",2018,23,"Yes",27,"Yes",12,"No",23,"Yes",85,"Yes"
"71","Tampa Bay Buccaneers",2010,12,"No",24,"Yes",24,"Yes",25,"Yes",85,"Yes"
"72","Buffalo Bills",2009,5,"No",28,"Yes",21,"Yes",31,"Yes",85,"Yes"
"73","Denver Broncos",2017,28,"Yes",30,"Yes",3,"No",23,"Yes",84,"Yes"
"74","Green Bay Packers",2015,21,"Yes",23,"Yes",15,"No",25,"Yes",84,"Yes"
"75","New Orleans Saints",2010,14,"No",32,"Yes",8,"No",30,"Yes",84,"Yes"
"76","Green Bay Packers",2009,32,"Yes",20,"Yes",12,"No",19,"Yes",83,"Yes"
"77","Philadelphia Eagles",2017,31,"Yes",12,"No",18,"Yes",22,"Yes",83,"Yes"
"78","New England Patriots",2009,26,"Yes",15,"No",25,"Yes",17,"No",83,"Yes"
"79","St. Louis Rams",2014,24,"Yes",7,"No",30,"Yes",22,"Yes",83,"Yes"
"80","Los Angeles Chargers",2018,9,"No",28,"Yes",19,"Yes",27,"Yes",83,"Yes"
"81","Minnesota Vikings",2015,25,"Yes",19,"Yes",19,"Yes",19,"Yes",82,"Yes"
"82","Philadelphia Eagles",2016,22,"Yes",4,"No",31,"Yes",25,"Yes",82,"Yes"
"83","St. Louis Rams",2010,21,"Yes",12,"No",29,"Yes",20,"Yes",82,"Yes"
"84","Buffalo Bills",2013,19,"Yes",8,"No",30,"Yes",25,"Yes",82,"Yes"
"85","Seattle Seahawks",2011,17,"No",25,"Yes",13,"No",27,"Yes",82,"Yes"
"86","Baltimore Ravens",2017,15,"No",28,"Yes",8,"No",31,"Yes",82,"Yes"
"87","Cleveland Browns",2014,12,"No",17,"No",27,"Yes",26,"Yes",82,"Yes"
"88","Oakland Raiders",2009,6,"No",26,"Yes",30,"Yes",20,"Yes",82,"Yes"
"89","Arizona Cardinals",2018,1,"No",22,"Yes",31,"Yes",28,"Yes",82,"Yes"
"90","Jacksonville Jaguars",2011,25,"Yes",27,"Yes",3,"No",26,"Yes",81,"Yes"
"91","Baltimore Ravens",2016,24,"Yes",11,"No",24,"Yes",22,"Yes",81,"Yes"
"92","Miami Dolphins",2012,23,"Yes",20,"Yes",23,"Yes",15,"No",81,"Yes"
"93","Washington Redskins",2009,20,"Yes",14,"No",23,"Yes",24,"Yes",81,"Yes"
"94","San Diego Chargers",2014,20,"Yes",20,"Yes",26,"Yes",15,"No",81,"Yes"
"95","Pittsburgh Steelers",2013,17,"No",22,"Yes",19,"Yes",23,"Yes",81,"Yes"
"96","Green Bay Packers",2012,16,"No",15,"No",30,"Yes",20,"Yes",81,"Yes"
"97","Buffalo Bills",2016,7,"No",25,"Yes",26,"Yes",23,"Yes",81,"Yes"
"98","Atlanta Falcons",2017,26,"Yes",21,"Yes",19,"Yes",14,"No",80,"Yes"
"99","Houston Texans",2014,22,"Yes",2,"No",31,"Yes",25,"Yes",80,"Yes"
"100","New England Patriots",2015,22,"Yes",12,"No",28,"Yes",18,"Yes",80,"Yes"
"101","New York Giants",2013,18,"Yes",26,"Yes",15,"No",21,"Yes",80,"Yes"
"102","Kansas City Chiefs",2016,18,"Yes",14,"No",27,"Yes",21,"Yes",80,"Yes"
"103","Kansas City Chiefs",2011,11,"No",28,"Yes",20,"Yes",21,"Yes",80,"Yes"
"104","Carolina Panthers",2017,30,"Yes",4,"No",26,"Yes",19,"Yes",79,"Yes"
"105","Detroit Lions",2013,28,"Yes",3,"No",29,"Yes",19,"Yes",79,"Yes"
"106","Dallas Cowboys",2009,27,"Yes",19,"Yes",15,"No",18,"Yes",79,"Yes"
"107","Minnesota Vikings",2010,24,"Yes",14,"No",23,"Yes",18,"Yes",79,"Yes"
"108","New England Patriots",2014,17,"No",31,"Yes",10,"No",21,"Yes",79,"Yes"
"109","Houston Texans",2013,15,"No",30,"Yes",16,"No",18,"Yes",79,"Yes"
"110","Kansas City Chiefs",2013,13,"No",19,"Yes",31,"Yes",16,"No",79,"Yes"
"111","Cincinnati Bengals",2014,6,"No",27,"Yes",17,"No",29,"Yes",79,"Yes"
"112","Indianapolis Colts",2013,22,"Yes",14,"No",25,"Yes",17,"No",78,"Yes"
"113","St. Louis Rams",2013,6,"No",18,"Yes",32,"Yes",22,"Yes",78,"Yes"
"114","Indianapolis Colts",2018,20,"Yes",32,"Yes",3,"No",22,"Yes",77,"Yes"
"115","Pittsburgh Steelers",2016,8,"No",29,"Yes",12,"No",28,"Yes",77,"Yes"
"116","Houston Texans",2018,28,"Yes",24,"Yes",5,"No",19,"Yes",76,"Yes"
"117","San Diego Chargers",2012,22,"Yes",13,"No",27,"Yes",14,"No",76,"Yes"
"118","Houston Texans",2009,19,"Yes",22,"Yes",13,"No",22,"Yes",76,"Yes"
"119","San Diego Chargers",2009,14,"No",24,"Yes",17,"No",21,"Yes",76,"Yes"
"120","Seattle Seahawks",2018,13,"No",19,"Yes",23,"Yes",21,"Yes",76,"Yes"
"121","New England Patriots",2018,22,"Yes",23,"Yes",16,"No",14,"No",75,"Yes"
"122","Atlanta Falcons",2012,11,"No",27,"Yes",14,"No",23,"Yes",75,"Yes"
"123","New York Jets",2013,31,"Yes",4,"No",24,"Yes",15,"No",74,"Yes"
"124","Arizona Cardinals",2017,29,"Yes",17,"No",17,"No",11,"No",74,"Yes"
"125","Detroit Lions",2018,21,"Yes",17,"No",18,"Yes",18,"Yes",74,"Yes"
"126","Kansas City Chiefs",2010,17,"No",15,"No",21,"Yes",21,"Yes",74,"Yes"
"127","New Orleans Saints",2009,11,"No",8,"No",27,"Yes",28,"Yes",74,"Yes"
"128","Tennessee Titans",2011,6,"No",29,"Yes",17,"No",22,"Yes",74,"Yes"
"129","Tennessee Titans",2013,3,"No",31,"Yes",10,"No",30,"Yes",74,"No"
"130","Baltimore Ravens",2014,32,"Yes",4,"No",21,"Yes",16,"No",73,"Yes"
"131","Arizona Cardinals",2011,22,"Yes",8,"No",24,"Yes",19,"Yes",73,"Yes"
"132","Cincinnati Bengals",2010,19,"Yes",8,"No",20,"Yes",26,"Yes",73,"Yes"
"133","Indianapolis Colts",2009,12,"No",6,"No",32,"Yes",23,"Yes",73,"No"
"134","Philadelphia Eagles",2011,9,"No",21,"Yes",23,"Yes",20,"Yes",73,"Yes"
"135","Arizona Cardinals",2013,32,"Yes",25,"Yes",1,"No",14,"No",72,"No"
"136","Baltimore Ravens",2015,27,"Yes",5,"No",29,"Yes",11,"No",72,"Yes"
"137","San Francisco 49ers",2010,22,"Yes",5,"No",32,"Yes",13,"No",72,"Yes"
"138","Green Bay Packers",2014,21,"Yes",11,"No",22,"Yes",18,"Yes",72,"Yes"
"139","New Orleans Saints",2017,18,"Yes",15,"No",22,"Yes",17,"No",72,"Yes"
"140","Miami Dolphins",2014,13,"No",10,"No",25,"Yes",24,"Yes",72,"Yes"
"141","Miami Dolphins",2013,11,"No",27,"Yes",8,"No",26,"Yes",72,"No"
"142","Minnesota Vikings",2014,7,"No",26,"Yes",16,"No",23,"Yes",72,"Yes"
"143","Pittsburgh Steelers",2018,25,"Yes",16,"No",13,"No",17,"No",71,"Yes"
"144","Oakland Raiders",2010,11,"No",29,"Yes",22,"Yes",9,"No",71,"Yes"
"145","Houston Texans",2012,30,"Yes",12,"No",10,"No",18,"Yes",70,"Yes"
"146","Pittsburgh Steelers",2009,29,"Yes",5,"No",20,"Yes",16,"No",70,"No"
"147","Miami Dolphins",2011,27,"Yes",9,"No",22,"Yes",12,"No",70,"Yes"
"148","New York Giants",2010,27,"Yes",13,"No",19,"Yes",11,"No",70,"No"
"149","San Diego Chargers",2015,7,"No",29,"Yes",14,"No",20,"Yes",70,"Yes"
"150","St. Louis Rams",2011,5,"No",10,"No",32,"Yes",23,"Yes",70,"Yes"
"151","Atlanta Falcons",2010,28,"Yes",6,"No",16,"No",19,"Yes",69,"No"
"152","Buffalo Bills",2015,19,"Yes",10,"No",24,"Yes",16,"No",69,"Yes"
"153","Indianapolis Colts",2014,15,"No",28,"Yes",6,"No",20,"Yes",69,"No"
"154","Denver Broncos",2018,14,"No",20,"Yes",10,"No",25,"Yes",69,"No"
"155","San Diego Chargers",2016,9,"No",23,"Yes",20,"Yes",17,"No",69,"Yes"
"156","Dallas Cowboys",2016,30,"Yes",18,"Yes",2,"No",18,"Yes",68,"Yes"
"157","St. Louis Rams",2015,11,"No",24,"Yes",12,"No",21,"Yes",68,"No"
"158","Atlanta Falcons",2011,28,"Yes",13,"No",12,"No",14,"No",67,"No"
"159","Dallas Cowboys",2017,27,"Yes",8,"No",16,"No",16,"No",67,"Yes"
"160","Chicago Bears",2016,12,"No",21,"Yes",22,"Yes",12,"No",67,"No"
"161","Carolina Panthers",2010,7,"No",28,"Yes",4,"No",28,"Yes",67,"No"
"162","Atlanta Falcons",2015,5,"No",32,"Yes",3,"No",27,"Yes",67,"No"
"163","Cleveland Browns",2010,18,"Yes",21,"Yes",11,"No",16,"No",66,"No"
"164","Carolina Panthers",2014,16,"No",13,"No",20,"Yes",17,"No",66,"No"
"165","Cincinnati Bengals",2016,13,"No",31,"Yes",3,"No",19,"Yes",66,"No"
"166","St. Louis Rams",2012,12,"No",24,"Yes",13,"No",17,"No",66,"Yes"
"167","Indianapolis Colts",2012,8,"No",5,"No",32,"Yes",21,"Yes",66,"No"
"168","Tennessee Titans",2017,22,"Yes",13,"No",15,"No",15,"No",65,"Yes"
"169","Denver Broncos",2014,18,"Yes",30,"Yes",8,"No",9,"No",65,"No"
"170","Tampa Bay Buccaneers",2016,11,"No",15,"No",23,"Yes",16,"No",65,"No"
"171","Buffalo Bills",2017,1,"No",23,"Yes",14,"No",27,"Yes",65,"No"
"172","Washington Redskins",2011,18,"Yes",24,"Yes",4,"No",18,"Yes",64,"No"
"173","Cleveland Browns",2013,14,"No",20,"Yes",17,"No",13,"No",64,"No"
"174","Los Angeles Rams",2017,4,"No",22,"Yes",13,"No",25,"Yes",64,"No"
"175","Detroit Lions",2010,3,"No",18,"Yes",31,"Yes",12,"No",64,"No"
"176","Minnesota Vikings",2009,30,"Yes",16,"No",5,"No",12,"No",63,"No"
"177","Dallas Cowboys",2011,26,"Yes",15,"No",7,"No",15,"No",63,"No"
"178","Denver Broncos",2011,12,"No",16,"No",25,"Yes",10,"No",63,"No"
"179","Kansas City Chiefs",2012,9,"No",17,"No",28,"Yes",9,"No",63,"No"
"180","Cincinnati Bengals",2017,2,"No",31,"Yes",9,"No",21,"Yes",63,"No"
"181","Kansas City Chiefs",2017,23,"Yes",2,"No",28,"Yes",9,"No",62,"No"
"182","San Diego Chargers",2011,21,"Yes",18,"Yes",11,"No",11,"No",61,"No"
"183","Philadelphia Eagles",2018,18,"Yes",4,"No",29,"Yes",10,"No",61,"No"
"184","Carolina Panthers",2012,6,"No",26,"Yes",7,"No",22,"Yes",61,"No"
"185","San Francisco 49ers",2015,2,"No",16,"No",26,"Yes",17,"No",61,"No"
"186","Washington Redskins",2018,16,"No",9,"No",22,"Yes",13,"No",60,"No"
"187","Dallas Cowboys",2014,14,"No",29,"Yes",3,"No",14,"No",60,"No"
"188","Jacksonville Jaguars",2012,3,"No",19,"Yes",22,"Yes",16,"No",60,"No"
"189","Tennessee Titans",2016,31,"Yes",2,"No",21,"Yes",5,"No",59,"No"
"190","Arizona Cardinals",2014,30,"Yes",14,"No",5,"No",10,"No",59,"No"
"191","New Orleans Saints",2018,30,"Yes",1,"No",26,"Yes",2,"No",59,"No"
"192","Green Bay Packers",2018,17,"No",3,"No",24,"Yes",15,"No",59,"No"
"193","Chicago Bears",2015,10,"No",25,"Yes",17,"No",7,"No",59,"No"
"194","New York Giants",2018,7,"No",25,"Yes",11,"No",16,"No",59,"No"
"195","Washington Redskins",2017,5,"No",27,"Yes",7,"No",20,"Yes",59,"No"
"196","Philadelphia Eagles",2009,21,"Yes",21,"Yes",2,"No",14,"No",58,"No"
"197","San Diego Chargers",2013,20,"Yes",5,"No",23,"Yes",10,"No",58,"No"
"198","Los Angeles Rams",2016,17,"No",3,"No",28,"Yes",10,"No",58,"No"
"199","Indianapolis Colts",2010,4,"No",27,"Yes",12,"No",15,"No",58,"No"
"200","Miami Dolphins",2015,1,"No",15,"No",27,"Yes",15,"No",58,"No"
"201","Chicago Bears",2011,23,"Yes",11,"No",6,"No",17,"No",57,"No"
"202","Tampa Bay Buccaneers",2015,20,"Yes",11,"No",18,"Yes",8,"No",57,"No"
"203","New York Jets",2018,19,"Yes",2,"No",30,"Yes",6,"No",57,"No"
"204","Los Angeles Rams",2018,15,"No",14,"No",8,"No",20,"Yes",57,"No"
"205","Jacksonville Jaguars",2014,5,"No",19,"Yes",14,"No",19,"Yes",57,"No"
"206","Detroit Lions",2012,14,"No",11,"No",18,"Yes",13,"No",56,"No"
"207","New England Patriots",2010,13,"No",9,"No",26,"Yes",8,"No",56,"No"
"208","Dallas Cowboys",2012,5,"No",21,"Yes",11,"No",19,"Yes",56,"No"
"209","Detroit Lions",2011,20,"Yes",5,"No",21,"Yes",9,"No",55,"No"
"210","New York Jets",2016,15,"No",16,"No",10,"No",14,"No",55,"No"
"211","Tennessee Titans",2015,28,"Yes",13,"No",7,"No",6,"No",54,"No"
"212","Tampa Bay Buccaneers",2013,24,"Yes",12,"No",11,"No",7,"No",54,"No"
"213","San Francisco 49ers",2018,12,"No",7,"No",27,"Yes",8,"No",54,"No"
"214","Kansas City Chiefs",2009,4,"No",23,"Yes",16,"No",11,"No",54,"No"
"215","Philadelphia Eagles",2012,20,"Yes",8,"No",21,"Yes",4,"No",53,"No"
"216","Pittsburgh Steelers",2015,30,"Yes",1,"No",9,"No",12,"No",52,"No"
"217","Carolina Panthers",2018,26,"Yes",8,"No",7,"No",11,"No",52,"No"
"218","New England Patriots",2012,25,"Yes",9,"No",8,"No",10,"No",52,"No"
"219","Chicago Bears",2013,2,"No",17,"No",9,"No",24,"Yes",52,"No"
"220","Dallas Cowboys",2010,20,"Yes",1,"No",28,"Yes",2,"No",51,"No"
"221","Oakland Raiders",2017,16,"No",19,"Yes",6,"No",10,"No",51,"No"
"222","Detroit Lions",2015,16,"No",17,"No",5,"No",13,"No",51,"No"
"223","New England Patriots",2013,12,"No",21,"Yes",7,"No",11,"No",51,"No"
"224","New Orleans Saints",2011,10,"No",7,"No",27,"Yes",7,"No",51,"No"
"225","Cleveland Browns",2012,10,"No",4,"No",25,"Yes",12,"No",51,"No"
"226","Arizona Cardinals",2010,2,"No",17,"No",9,"No",23,"Yes",51,"No"
"227","New York Jets",2014,23,"Yes",16,"No",4,"No",7,"No",50,"No"
"228","New England Patriots",2017,17,"No",5,"No",21,"Yes",7,"No",50,"No"
"229","Cleveland Browns",2018,11,"No",21,"Yes",6,"No",12,"No",50,"No"
"230","Miami Dolphins",2017,7,"No",29,"Yes",1,"No",13,"No",50,"No"
"231","Tampa Bay Buccaneers",2017,6,"No",1,"No",31,"Yes",12,"No",50,"No"
"232","Detroit Lions",2017,3,"No",18,"Yes",11,"No",18,"Yes",50,"No"
"233","Oakland Raiders",2014,1,"No",25,"Yes",13,"No",11,"No",50,"No"
"234","Jacksonville Jaguars",2009,24,"Yes",1,"No",19,"Yes",5,"No",49,"No"
"235","Philadelphia Eagles",2013,21,"Yes",1,"No",22,"Yes",5,"No",49,"No"
"236","Arizona Cardinals",2009,17,"No",9,"No",8,"No",15,"No",49,"No"
"237","Pittsburgh Steelers",2014,19,"Yes",12,"No",12,"No",5,"No",48,"No"
"238","Chicago Bears",2009,13,"No",18,"Yes",10,"No",7,"No",48,"No"
"239","Green Bay Packers",2017,13,"No",3,"No",27,"Yes",5,"No",48,"No"
"240","Carolina Panthers",2016,23,"Yes",7,"No",4,"No",13,"No",47,"No"
"241","Miami Dolphins",2009,22,"Yes",11,"No",11,"No",3,"No",47,"No"
"242","New York Giants",2012,19,"Yes",6,"No",15,"No",7,"No",47,"No"
"243","New England Patriots",2011,15,"No",1,"No",30,"Yes",1,"No",47,"No"
"244","Detroit Lions",2016,25,"Yes",10,"No",8,"No",3,"No",46,"No"
"245","Philadelphia Eagles",2010,16,"No",22,"Yes",1,"No",7,"No",46,"No"
"246","Oakland Raiders",2015,12,"No",20,"Yes",4,"No",10,"No",46,"No"
"247","Washington Redskins",2016,4,"No",22,"Yes",5,"No",15,"No",46,"No"
"248","Minnesota Vikings",2012,26,"Yes",7,"No",9,"No",3,"No",45,"No"
"249","Atlanta Falcons",2009,25,"Yes",7,"No",7,"No",6,"No",45,"No"
"250","Cleveland Browns",2017,19,"Yes",16,"No",4,"No",6,"No",45,"No"
"251","Washington Redskins",2015,14,"No",6,"No",16,"No",9,"No",45,"No"
"252","Buffalo Bills",2010,6,"No",23,"Yes",2,"No",14,"No",45,"No"
"253","Indianapolis Colts",2016,5,"No",20,"Yes",11,"No",9,"No",45,"No"
"254","Cleveland Browns",2015,15,"No",2,"No",23,"Yes",4,"No",44,"No"
"255","Oakland Raiders",2016,10,"No",17,"No",9,"No",8,"No",44,"No"
"256","New York Giants",2014,9,"No",18,"Yes",11,"No",6,"No",44,"No"
"257","Cleveland Browns",2009,2,"No",29,"Yes",4,"No",9,"No",44,"No"
"258","Green Bay Packers",2016,21,"Yes",1,"No",14,"No",7,"No",43,"No"
"259","New Orleans Saints",2014,4,"No",6,"No",29,"Yes",4,"No",43,"No"
"260","Buffalo Bills",2012,4,"No",14,"No",17,"No",8,"No",43,"No"
"261","Tennessee Titans",2010,15,"No",11,"No",6,"No",10,"No",42,"No"
"262","Philadelphia Eagles",2014,10,"No",1,"No",28,"Yes",3,"No",42,"No"
"263","Tampa Bay Buccaneers",2014,8,"No",3,"No",19,"Yes",12,"No",42,"No"
"264","Atlanta Falcons",2014,2,"No",8,"No",24,"Yes",8,"No",42,"No"
"265","San Francisco 49ers",2017,11,"No",7,"No",20,"Yes",3,"No",41,"No"
"266","Miami Dolphins",2018,5,"No",15,"No",14,"No",7,"No",41,"No"
"267","Indianapolis Colts",2011,4,"No",12,"No",9,"No",16,"No",41,"No"
"268","Denver Broncos",2013,16,"No",11,"No",5,"No",8,"No",40,"No"
"269","Indianapolis Colts",2015,13,"No",4,"No",8,"No",14,"No",39,"No"
"270","Tampa Bay Buccaneers",2009,7,"No",10,"No",9,"No",13,"No",39,"No"
"271","Buffalo Bills",2011,3,"No",22,"Yes",1,"No",13,"No",39,"No"
"272","Washington Redskins",2014,31,"Yes",5,"No",1,"No",1,"No",38,"No"
"273","Indianapolis Colts",2017,9,"No",9,"No",12,"No",8,"No",38,"No"
"274","Seattle Seahawks",2009,8,"No",2,"No",18,"Yes",10,"No",38,"No"
"275","Washington Redskins",2013,5,"No",15,"No",6,"No",12,"No",38,"No"
"276","Tennessee Titans",2014,3,"No",15,"No",7,"No",13,"No",38,"No"
"277","Carolina Panthers",2011,2,"No",20,"Yes",8,"No",8,"No",38,"No"
"278","Tampa Bay Buccaneers",2011,1,"No",17,"No",15,"No",5,"No",38,"No"
"279","Houston Texans",2017,24,"Yes",6,"No",5,"No",2,"No",37,"No"
"280","Miami Dolphins",2016,14,"No",12,"No",7,"No",4,"No",37,"No"
"281","Jacksonville Jaguars",2015,8,"No",18,"Yes",6,"No",5,"No",37,"No"
"282","St. Louis Rams",2009,3,"No",12,"No",14,"No",8,"No",37,"No"
"283","San Francisco 49ers",2016,1,"No",8,"No",17,"No",11,"No",37,"No"
"284","New York Jets",2017,12,"No",10,"No",10,"No",4,"No",36,"No"
"285","Atlanta Falcons",2013,9,"No",9,"No",14,"No",4,"No",36,"No"
"286","Green Bay Packers",2013,8,"No",7,"No",12,"No",9,"No",36,"No"
"287","Washington Redskins",2012,24,"Yes",3,"No",1,"No",6,"No",34,"No"
"288","New York Giants",2009,16,"No",13,"No",1,"No",4,"No",34,"No"
"289","Oakland Raiders",2018,10,"No",11,"No",4,"No",9,"No",34,"No"
"290","Jacksonville Jaguars",2013,10,"No",16,"No",2,"No",6,"No",34,"No"
"291","New Orleans Saints",2016,3,"No",6,"No",19,"Yes",6,"No",34,"No"
"292","Washington Redskins",2010,10,"No",4,"No",15,"No",4,"No",33,"No"
"293","Oakland Raiders",2011,7,"No",6,"No",16,"No",4,"No",33,"No"
"294","Philadelphia Eagles",2015,4,"No",3,"No",22,"Yes",3,"No",32,"No"
"295","New York Giants",2011,16,"No",4,"No",5,"No",6,"No",31,"No"
"296","Oakland Raiders",2012,7,"No",16,"No",3,"No",5,"No",31,"No"
"297","Atlanta Falcons",2018,4,"No",5,"No",21,"Yes",1,"No",31,"No"
"298","Oakland Raiders",2013,4,"No",6,"No",18,"Yes",3,"No",31,"No"
"299","Denver Broncos",2010,1,"No",19,"Yes",5,"No",6,"No",31,"No"
"300","Minnesota Vikings",2011,14,"No",3,"No",10,"No",2,"No",29,"No"
"301","Seattle Seahawks",2010,5,"No",3,"No",18,"Yes",3,"No",29,"No"
"302","Tennessee Titans",2012,2,"No",10,"No",5,"No",11,"No",28,"No"
"303","Tampa Bay Buccaneers",2012,18,"Yes",1,"No",4,"No",2,"No",25,"No"
"304","Cincinnati Bengals",2018,2,"No",18,"Yes",1,"No",4,"No",25,"No"
"305","Chicago Bears",2014,11,"No",9,"No",2,"No",2,"No",24,"No"
"306","New York Giants",2017,10,"No",11,"No",2,"No",1,"No",24,"No"
"307","Jacksonville Jaguars",2010,9,"No",7,"No",3,"No",5,"No",24,"No"
"308","Tampa Bay Buccaneers",2018,6,"No",6,"No",9,"No",3,"No",24,"No"
"309","Atlanta Falcons",2016,6,"No",9,"No",6,"No",2,"No",23,"No"
"310","Kansas City Chiefs",2018,3,"No",13,"No",2,"No",5,"No",23,"No"
"311","Houston Texans",2010,8,"No",2,"No",10,"No",1,"No",21,"No"
"312","Green Bay Packers",2011,13,"No",2,"No",2,"No",3,"No",20,"No"
"313","New York Giants",2015,9,"No",7,"No",2,"No",2,"No",20,"No"
"314","Tennessee Titans",2009,9,"No",3,"No",6,"No",2,"No",20,"No"
"315","Cleveland Browns",2016,2,"No",13,"No",1,"No",1,"No",17,"No"
"316","Dallas Cowboys",2013,1,"No",10,"No",3,"No",2,"No",16,"No"
"317","Minnesota Vikings",2013,7,"No",2,"No",4,"No",1,"No",14,"No"
"318","New Orleans Saints",2015,3,"No",9,"No",1,"No",1,"No",14,"No"
"319","New Orleans Saints",2012,1,"No",2,"No",6,"No",1,"No",10,"No"
"320","Detroit Lions",2009,1,"No",4,"No",3,"No",1,"No",9,"No"
